State/UT,SubCenters,PHCs,CHCs,ANM/Health_Worker_Female,Doctors,Specialists,Radiographers,Pharmacists,LabTechnicians,NursingStaff,Year,ANM_Vacent,ANM_Shortfall,Doctors_Vacent,Doctors_Shortfall,Specialists_Vacent,Specialists_Shortfall,Radiographers_Vacent,Radiographers_Shortfall,Pharmacists_Vacent,Pharmacists_Shortfall,LabTechnicians_Vacent,LabTechnicians_Shortfall,NursingStaff_Vacent,Nursing_Shortfall
Andhra Pradesh,12522,1570,164,13740,2137,224,140,1637,1437,2053,2005,1384,*,63,*,63,249,56,85,224,244,328,370,333,*
Arunachal Pradesh,379,85,31,454,78,0,22,31,18,105,2005,,4,,*,,226,,47,,71,,59,,*
Assam,5109,610,100,5719,,,,,,,2005,*,*,*,*,*,572,*,73,*,*,*,*,*,*
Bihar,10337,1648,101,,,,,,,,2005,8465,*,2384,*,512,104,91,54,1075,1267,1068,1321,2248,755
Chhattisgarh,3818,517,116,3667,628,18,95,467,348,540,2005,456,76,423,404,519,618,9,9,133,16,189,151,468,*
Goa,172,19,5,179,53,7,7,27,25,119,2005,*,*,*,*,*,10,2,4,*,4,*,17,*,*
Gujarat,7274,1070,272,6508,848,92,113,807,870,1453,2005,2457,1073,379,*,255,1379,222,222,308,287,314,347,670,944
Haryana,2433,408,72,2818,862,49,106,464,231,1160,2005,803,*,275,*,108,445,71,80,251,98,271,103,728,*
Himachal Pradesh,2068,439,66,1790,467,,54,375,462,1259,2005,617,992,251,93,*,319,12,59,212,138,191,601,216,917
Jharkhand,4462,561,47,,,,,,,,2005,396,*,108,69,160,505,66,49,163,234,181,98,1025,600
Karnataka,8143,1681,254,8544,2041,691,30,1880,1451,3100,2005,4377,*,252,105,247,504,30,67,618,616,197,640,*,*
Kerala,5094,911,106,5565,949,82,16,858,358,2578,2005,277,277,209,*,19,671,4,199,116,221,22,430,224,501
Madhya Pradesh,8874,1192,229,9345,839,49,,216,386,902,2005,817,*,460,134,986,1190,126,126,185,185,685,685,509,509
Maharashtra,10453,1780,382,10699,3158,1099,159,2055,1709,2575,2005,1962,*,739,*,159,713,32,174,247,149,544,533,669,610
Manipur,420,72,16,463,67,19,5,88,30,62,2005,*,*,*,*,20,64,1,8,*,*,*,*,2,*
Meghalaya,401,101,24,608,123,1,26,121,134,263,2005,*,*,*,*,1,108,*,4,*,*,*,*,*,*
Mizoram,366,57,9,345,35,0,,35,31,122,2005,,22,,*,,36,,1,,24,,*,,*
Nagaland,394,87,21,342,53,0,11,85,45,520,2005,*,*,*,10,*,75,0,18,0,19,0,8,0,*
Odisha,5927,1282,231,6768,1353,,8,1984,311,637,2005,*,*,461,461,1169,1195,64,314,174,*,*,954,*,1423
Punjab,2858,484,116,2602,373,226,57,811,600,640,2005,788,*,194,36,346,433,27,23,223,*,244,42,734,*
Rajasthan,10512,1713,326,11425,1506,581,269,2355,2065,8425,2005,3024,657,325,249,938,1754,335,219,858,1532,950,663,2236,*
Sikkim,147,24,4,260,48,4,5,3,32,45,2005,*,*,14,*,2,6,*,*,2,13,*,*,5,*
Tamil Nadu,8682,1380,35,10112,2257,48,28,1252,861,167,2005,1523,*,268,*,91,1312,91,241,238,220,707,640,1173,*
Telangana,-,-,-,-,-,-,-,-,-,-,2005,1053,*,41,*,367,82,55,41,233,279,126,74,336,*
Tripura,539,73,10,561,152,2,4,63,43,274,2005,N App,389,N App,*,N App,87,N App,9,N App,*,N App,*,N App,*
Uttarakhand,1576,225,44,1486,182,71,30,281,32,129,2005,197,90,130,*,204,192,13,47,8,*,75,252,149,406
Uttar Pradesh,20521,3660,386,18146,,,,,,,2005,3885,67,819,121,1355,2028,213,522,58,*,640,1779,2349,449
West Bengal,10356,1173,95,9070,1319,133,77,1231,341,1479,2005,647,*,292,*,781,751,121,186,89,*,384,544,831,*
A& N Islands,107,20,4,127,36,0,4,28,24,108,2005,*,*,*,*,,15,0,0,*,*,*,1,*,*
Chandigarh,13,0,1,13,0,4,1,6,2,13,2005,N App,N App,N App,N App,N App,N App,,N App,N App,N App,N App,N App,N App,N App
Dadra & Nagar Haveli,38,6,1,38,6,2,1,8,7,10,2005,,,,,,,,,,,,,,
Daman & Diu,21,3,1,24,5,0,1,4,4,12,2005,,,,,,,,,,,,,,
Delhi,41,8,0,51,23,0,0,11,5,4,2005,*,*,1,*,N App,N App,,N App,0,1,1,4,0,*
Jammu & Kashmir,1879,334,70,1588,643,142,61,456,395,68,2005,489,*,537,*,91,78,57,*,231,*,122,118,430,77
Ladakh,-,-,-,-,-,-,-,-,-,-,2005,*,*,13,22,6,23,2,3,2,17,2,19,*,44
Lakshadweep,14,4,3,22,4,0,3,11,7,13,2005,0,*,0,*,0,4,0,*,0,*,0,*,0,*
Puducherry,76,39,4,115,63,6,4,58,20,95,2005,1,*,0,*,1,12,0,0,*,*,2,*,*,*
All India Total,146026,23236,3346,133194,20308,3550,1337,17708,12284,28930,2005,33618,3647,8638,1704,8401,15775,1700,2884,5648,5635,7243,10453,15335,7235
Andhra Pradesh,7437,1145,140,11815,1715,237,40,1016,817,2861,2019,1384,*,63,*,63,249,56,85,224,244,328,370,333,*
Arunachal Pradesh,385,143,63,689,116,4,17,101,113,617,2019,,4,,*,,226,,47,,71,,59,,*
Assam,4643,946,177,11502,1925,136,90,1779,1409,3369,2019,*,*,*,*,*,572,*,73,*,*,*,*,*,*
Bihar,9949,1899,150,24228,2085,82,1,287,611,1630,2019,8465,*,2384,*,512,104,91,54,1075,1267,1068,1321,2248,755
Chhattisgarh,5205,792,170,6808,321,61,161,1003,844,2618,2019,456,76,423,404,519,618,9,9,133,16,189,151,468,*
Goa,219,24,5,250,56,5,7,41,30,135,2019,*,*,*,*,*,10,2,4,*,4,*,17,*,*
Gujarat,9166,1476,362,9168,2186,118,192,1675,1729,4218,2019,2457,1073,379,*,255,1379,222,222,308,287,314,347,670,944
Haryana,2604,379,115,4606,542,15,54,430,356,2110,2019,803,*,275,*,108,445,71,80,251,98,271,103,728,*
Himachal Pradesh,2089,586,87,1845,486,5,24,293,78,404,2019,617,992,251,93,*,319,12,59,212,138,191,601,216,917
Jharkhand,3848,298,171,6325,336,66,59,241,264,1190,2019,396,*,108,69,160,505,66,49,163,234,181,98,1025,600
Karnataka,9758,2127,198,8462,2111,465,167,1973,1469,3511,2019,4377,*,252,105,247,504,30,67,618,616,197,640,*,*
Kerala,5380,848,227,7504,1531,35,0,1299,372,2427,2019,277,277,209,*,19,671,4,199,116,221,22,430,224,501
Madhya Pradesh,10226,1199,309,11824,1053,104,214,1383,1021,2816,2019,817,*,460,134,986,1190,126,126,185,185,685,685,509,509
Maharashtra,10668,1828,364,21753,2951,485,107,1825,1436,2698,2019,1962,*,739,*,159,713,32,174,247,149,544,533,669,610
Manipur,490,90,23,1044,208,3,56,161,75,430,2019,*,*,*,*,20,64,1,8,*,*,*,*,2,*
Meghalaya,477,118,28,1173,149,4,18,171,174,751,2019,*,*,*,*,1,108,*,4,*,*,*,*,*,*
Mizoram,370,59,9,699,60,0,5,56,86,205,2019,,22,,*,,36,,1,,24,,*,,*
Nagaland,433,126,21,1008,133,8,3,117,96,381,2019,*,*,*,10,*,75,0,18,0,19,0,8,0,*
Odisha,6688,1288,377,9187,813,236,66,1778,632,2568,2019,*,*,461,461,1169,1195,64,314,174,*,*,954,*,1423
Punjab,2950,416,89,4530,562,93,139,722,551,1806,2019,788,*,194,36,346,433,27,23,223,*,244,42,734,*
Rajasthan,13512,2082,571,15425,1932,455,343,1224,1893,8889,2019,3024,657,325,249,938,1754,335,219,858,1532,950,663,2236,*
Sikkim,176,29,2,260,41,0,4,15,35,73,2019,*,*,14,*,2,6,*,*,2,13,*,*,5,*
Tamil Nadu,8713,1422,385,9983,1777,179,92,2043,1064,5888,2019,1523,*,268,*,91,1312,91,241,238,220,707,640,1173,*
Telangana,4744,636,85,7932,1213,258,44,442,647,2097,2019,1053,*,41,*,367,82,55,41,233,279,126,74,336,*
Tripura,972,108,18,664,216,2,11,163,120,636,2019,N App,389,N App,*,N App,87,N App,9,N App,*,N App,*,N App,*
Uttarakhand,1847,257,67,1825,269,27,5,304,63,329,2019,197,90,130,*,204,192,13,47,8,*,75,252,149,406
Uttar Pradesh,20782,2936,679,29082,3180,484,82,2883,963,18504,2019,3885,67,819,121,1355,2028,213,522,58,*,640,1779,2349,449
West Bengal,10357,908,348,18997,810,71,182,1411,785,5811,2019,647,*,292,*,781,751,121,186,89,*,384,544,831,*
A& N Islands,124,22,4,336,34,0,0,49,19,193,2019,*,*,*,*,,15,0,0,*,*,*,1,*,*
Chandigarh,0,0,0,0,0,0,0,0,0,0,2019,N App,N App,N App,N App,N App,N App,,N App,N App,N App,N App,N App,N App,N App
Dadra & Nagar Haveli,71,9,2,137,12,0,2,14,17,51,2019,,,,,,,,,,,,,,
Daman & Diu,23,4,0,52,3,0,0,4,4,11,2019,,,,,,,,,,,,,,
Delhi,12,5,0,24,5,0,0,4,2,0,2019,*,*,1,*,N App,N App,,N App,0,1,1,4,0,*
Jammu & Kashmir,3025,622,84,4908,919,242,226,1235,901,1513,2019,489,*,537,*,91,78,57,*,231,*,122,118,430,77
Ladakh,-,-,-,-,-,-,-,-,-,-,2019,*,*,13,22,6,23,2,3,2,17,2,19,*,44
Lakshadweep,14,4,3,47,8,0,5,16,13,54,2019,0,*,0,*,0,4,0,*,0,*,0,*,0,*
Puducherry,54,24,2,128,41,1,3,46,26,182,2019,1,*,0,*,1,12,0,0,*,*,2,*,*,*
All India Total,157411,24855,5335,234220,29799,3881,2419,26204,18715,80976,2019,33618,3647,8638,1704,8401,15775,1700,2884,5648,5635,7243,10453,15335,7235
